rerun,val_loss,val_acc,val_recall_m,val_precision_m,val_f1_m,loss,acc,recall_m,precision_m,f1_m,epoch
0,0.19377684593200684,0.9285714030265808,0.9285714030265808,0.9454545378684998,0.9369368553161621,0.07056040191544896,0.9911504424778761,0.9911504424778761,0.9955049869233528,0.9933105570025149,141.0
