rerun,val_loss,val_acc,val_recall_m,val_precision_m,val_f1_m,loss,acc,recall_m,precision_m,f1_m,epoch
0,0.5122084021568298,0.9090909361839294,0.8909090757369995,0.9245283007621765,0.907407283782959,0.19534543944350424,0.9471365646643786,0.9339207056335416,0.9551689391094157,0.944392897484061,145.0
