rerun,val_loss,val_acc,val_recall_m,val_precision_m,val_f1_m,loss,acc,recall_m,precision_m,f1_m,epoch
0,0.4391883909702301,0.8703703880310059,0.8518518805503845,0.8846153616905212,0.8679244518280029,0.23728151318796895,0.9298245614035088,0.9122807017543859,0.9500496345653868,0.9306699183949253,133.0
