rerun,val_loss,val_acc,val_recall_m,val_precision_m,val_f1_m,loss,acc,recall_m,precision_m,f1_m,epoch
0,0.6250887446678601,0.8461538461538461,0.723076921242934,0.9034690838593703,0.8030768733758192,0.3322259265294273,0.9170506912442397,0.8894009216589862,0.9546233673798873,0.9204242899670579,127.0
