fold,val_loss,val_acc,val_recall_m,val_precision_m,val_f1_m,loss,acc,recall_m,precision_m,f1_m,epoch
0,0.5122084021568298,0.9090909361839294,0.8909090757369995,0.9245283007621765,0.907407283782959,0.19534543944350424,0.9471365646643786,0.9339207056335416,0.9551689391094157,0.944392897484061,145.0
1,0.30881455540657043,0.9038461446762085,0.8846153616905212,0.9019607901573181,0.893203854560852,0.1185005586432374,0.9869565217391304,0.9782608695652174,0.986818496040676,0.9825059476106063,149.0
2,0.19377684593200684,0.9285714030265808,0.9285714030265808,0.9454545378684998,0.9369368553161621,0.07056040191544896,0.9911504424778761,0.9911504424778761,0.9955049869233528,0.9933105570025149,141.0
3,0.4391883909702301,0.8703703880310059,0.8518518805503845,0.8846153616905212,0.8679244518280029,0.23728151318796895,0.9298245614035088,0.9122807017543859,0.9500496345653868,0.9306699183949253,133.0
4,0.6250887446678601,0.8461538461538461,0.723076921242934,0.9034690838593703,0.8030768733758192,0.3322259265294273,0.9170506912442397,0.8894009216589862,0.9546233673798873,0.9204242899670579,127.0
