rerun,val_loss,val_acc,val_recall_m,val_precision_m,val_f1_m,loss,acc,recall_m,precision_m,f1_m,epoch
0,0.30881455540657043,0.9038461446762085,0.8846153616905212,0.9019607901573181,0.893203854560852,0.1185005586432374,0.9869565217391304,0.9782608695652174,0.986818496040676,0.9825059476106063,149.0
